external_fulfiller_location_id,internal_fulfiller_location_id,bin_name,bin_type,bin_status
NOT USED,17358,Default,General,Pickable
600,54802,1010101,General,Pickable
600,54802,1010102,General,Pickable
600,54802,1010103,General,Pickable
600,54802,1010104,General,Pickable
600,54802,1010105,General,Pickable
600,54802,1010201,General,Pickable
600,54802,1010202,General,Pickable
600,54802,1010203,General,Pickable
600,54802,1010204,General,Pickable
600,54802,1010205,General,Pickable
600,54802,1010301,General,Pickable
600,54802,1010302,General,Pickable
600,54802,1010303,General,Pickable
600,54802,1010304,General,Pickable
600,54802,1010305,General,Pickable
600,54802,1010401,General,Pickable
600,54802,1010402,General,Pickable
600,54802,1010403,General,Pickable
600,54802,1010404,General,Pickable
600,54802,1010405,General,Pickable
600,54802,1020101,General,Pickable
600,54802,1020102,General,Pickable
600,54802,1020103,General,Pickable
600,54802,1020104,General,Pickable
600,54802,1020105,General,Pickable
600,54802,1020201,General,Pickable
600,54802,1020202,General,Pickable
600,54802,1020203,General,Pickable
600,54802,1020204,General,Pickable
600,54802,1020205,General,Pickable
600,54802,1020301,General,Pickable
600,54802,1020302,General,Pickable
600,54802,1020303,General,Pickable
600,54802,1020304,General,Pickable
600,54802,1020305,General,Pickable
600,54802,1020401,General,Pickable
600,54802,1020402,General,Pickable
600,54802,1020403,General,Pickable
600,54802,1020404,General,Pickable
600,54802,1020405,General,Pickable
600,54802,1030101,General,Pickable
600,54802,1030102,General,Pickable
600,54802,1030103,General,Pickable
600,54802,1030104,General,Pickable
600,54802,1030105,General,Pickable
600,54802,1030201,General,Pickable
600,54802,1030202,General,Pickable
600,54802,1030203,General,Pickable
600,54802,1030204,General,Pickable
600,54802,1030205,General,Pickable
600,54802,1030301,General,Pickable
600,54802,1030302,General,Pickable
600,54802,1030303,General,Pickable
600,54802,1030304,General,Pickable
600,54802,1030305,General,Pickable
600,54802,1030401,General,Pickable
600,54802,1030402,General,Pickable
600,54802,1030403,General,Pickable
600,54802,1030404,General,Pickable
600,54802,1030405,General,Pickable
600,54802,1040101,General,Pickable
600,54802,1040102,General,Pickable
600,54802,1040103,General,Pickable
600,54802,1040104,General,Pickable
600,54802,1040105,General,Pickable
600,54802,1040201,General,Pickable
600,54802,1040202,General,Pickable
600,54802,1040203,General,Pickable
600,54802,1040204,General,Pickable
600,54802,1040205,General,Pickable
600,54802,1040301,General,Pickable
600,54802,1040302,General,Pickable
600,54802,1040303,General,Pickable
600,54802,1040304,General,Pickable
600,54802,1040305,General,Pickable
600,54802,1040401,General,Pickable
600,54802,1040402,General,Pickable
600,54802,1040403,General,Pickable
600,54802,1040404,General,Pickable
600,54802,1040405,General,Pickable
600,54802,1050101,General,Pickable
600,54802,1050102,General,Pickable
600,54802,1050103,General,Pickable
600,54802,1050104,General,Pickable
600,54802,1050105,General,Pickable
600,54802,1050201,General,Pickable
600,54802,1050202,General,Pickable
600,54802,1050203,General,Pickable
600,54802,1050204,General,Pickable
600,54802,1050205,General,Pickable
600,54802,1050301,General,Pickable
600,54802,1050302,General,Pickable
600,54802,1050303,General,Pickable
600,54802,1050304,General,Pickable
600,54802,1050305,General,Pickable
600,54802,1050401,General,Pickable
600,54802,1050402,General,Pickable
600,54802,1050403,General,Pickable
600,54802,1050404,General,Pickable
600,54802,1050405,General,Pickable
600,54802,1060101,General,Pickable
600,54802,1060102,General,Pickable
600,54802,1060103,General,Pickable
600,54802,1060104,General,Pickable
600,54802,1060105,General,Pickable
600,54802,1060201,General,Pickable
600,54802,1060202,General,Pickable
600,54802,1060203,General,Pickable
600,54802,1060204,General,Pickable
600,54802,1060205,General,Pickable
600,54802,1060301,General,Pickable
600,54802,1060302,General,Pickable
600,54802,1060303,General,Pickable
600,54802,1060304,General,Pickable
600,54802,1060305,General,Pickable
600,54802,1060401,General,Pickable
600,54802,1060402,General,Pickable
600,54802,1060403,General,Pickable
600,54802,1060404,General,Pickable
600,54802,1060405,General,Pickable
600,54802,1070101,General,Pickable
600,54802,1070102,General,Pickable
600,54802,1070103,General,Pickable
600,54802,1070104,General,Pickable
600,54802,1070105,General,Pickable
600,54802,1070201,General,Pickable
600,54802,1070202,General,Pickable
600,54802,1070203,General,Pickable
600,54802,1070204,General,Pickable
600,54802,1070205,General,Pickable
600,54802,1070301,General,Pickable
600,54802,1070302,General,Pickable
600,54802,1070303,General,Pickable
600,54802,1070304,General,Pickable
600,54802,1070305,General,Pickable
600,54802,1070401,General,Pickable
600,54802,1070402,General,Pickable
600,54802,1070403,General,Pickable
600,54802,1070404,General,Pickable
600,54802,1070405,General,Pickable
600,54802,1080101,General,Pickable
600,54802,1080102,General,Pickable
600,54802,1080103,General,Pickable
600,54802,1080104,General,Pickable
600,54802,1080105,General,Pickable
600,54802,1080201,General,Pickable
600,54802,1080202,General,Pickable
600,54802,1080203,General,Pickable
600,54802,1080204,General,Pickable
600,54802,1080205,General,Pickable
600,54802,1080301,General,Pickable
600,54802,1080302,General,Pickable
600,54802,1080303,General,Pickable
600,54802,1080304,General,Pickable
600,54802,1080305,General,Pickable
600,54802,1080401,General,Pickable
600,54802,1080402,General,Pickable
600,54802,1080403,General,Pickable
600,54802,1080404,General,Pickable
600,54802,1080405,General,Pickable
600,54802,1090101,General,Pickable
600,54802,1090102,General,Pickable
600,54802,1090103,General,Pickable
600,54802,1090104,General,Pickable
600,54802,1090105,General,Pickable
600,54802,1090201,General,Pickable
600,54802,1090202,General,Pickable
600,54802,1090203,General,Pickable
600,54802,1090204,General,Pickable
600,54802,1090205,General,Pickable
600,54802,1090301,General,Pickable
600,54802,1090302,General,Pickable
600,54802,1090303,General,Pickable
600,54802,1090304,General,Pickable
600,54802,1090305,General,Pickable
600,54802,1090401,General,Pickable
600,54802,1090402,General,Pickable
600,54802,1090403,General,Pickable
600,54802,1090404,General,Pickable
600,54802,1090405,General,Pickable
600,54802,1100101,General,Pickable
600,54802,1100102,General,Pickable
600,54802,1100103,General,Pickable
600,54802,1100104,General,Pickable
600,54802,1100105,General,Pickable
600,54802,1100201,General,Pickable
600,54802,1100202,General,Pickable
600,54802,1100203,General,Pickable
600,54802,1100204,General,Pickable
600,54802,1100205,General,Pickable
600,54802,1100301,General,Pickable
600,54802,1100302,General,Pickable
600,54802,1100303,General,Pickable
600,54802,1100304,General,Pickable
600,54802,1100305,General,Pickable
600,54802,1100401,General,Pickable
600,54802,1100402,General,Pickable
600,54802,1100403,General,Pickable
600,54802,1100404,General,Pickable
600,54802,1100405,General,Pickable
600,54802,1110101,General,Pickable
600,54802,1110102,General,Pickable
600,54802,1110103,General,Pickable
600,54802,1110104,General,Pickable
600,54802,1110105,General,Pickable
600,54802,1110201,General,Pickable
600,54802,1110202,General,Pickable
600,54802,1110203,General,Pickable
600,54802,1110204,General,Pickable
600,54802,1110205,General,Pickable
600,54802,1110301,General,Pickable
600,54802,1110302,General,Pickable
600,54802,1110303,General,Pickable
600,54802,1110304,General,Pickable
600,54802,1110305,General,Pickable
600,54802,1110401,General,Pickable
600,54802,1110402,General,Pickable
600,54802,1110403,General,Pickable
600,54802,1110404,General,Pickable
600,54802,1110405,General,Pickable
600,54802,1120101,General,Pickable
600,54802,1120102,General,Pickable
600,54802,1120103,General,Pickable
600,54802,1120104,General,Pickable
600,54802,1120105,General,Pickable
600,54802,1120201,General,Pickable
600,54802,1120202,General,Pickable
600,54802,1120203,General,Pickable
600,54802,1120204,General,Pickable
600,54802,1120205,General,Pickable
600,54802,1120301,General,Pickable
600,54802,1120302,General,Pickable
600,54802,1120303,General,Pickable
600,54802,1120304,General,Pickable
600,54802,1120305,General,Pickable
600,54802,1120401,General,Pickable
600,54802,1120402,General,Pickable
600,54802,1120403,General,Pickable
600,54802,1120404,General,Pickable
600,54802,1120405,General,Pickable
600,54802,1130101,General,Pickable
600,54802,1130102,General,Pickable
600,54802,1130103,General,Pickable
600,54802,1130104,General,Pickable
600,54802,1130105,General,Pickable
600,54802,1130201,General,Pickable
600,54802,1130202,General,Pickable
600,54802,1130203,General,Pickable
600,54802,1130204,General,Pickable
600,54802,1130205,General,Pickable
600,54802,1130301,General,Pickable
600,54802,1130302,General,Pickable
600,54802,1130303,General,Pickable
600,54802,1130304,General,Pickable
600,54802,1130305,General,Pickable
600,54802,1130401,General,Pickable
600,54802,1130402,General,Pickable
600,54802,1130403,General,Pickable
600,54802,1130404,General,Pickable
600,54802,1130405,General,Pickable
600,54802,1140101,General,Pickable
600,54802,1140102,General,Pickable
600,54802,1140103,General,Pickable
600,54802,1140104,General,Pickable
600,54802,1140105,General,Pickable
600,54802,1140201,General,Pickable
600,54802,1140202,General,Pickable
600,54802,1140203,General,Pickable
600,54802,1140204,General,Pickable
600,54802,1140205,General,Pickable
600,54802,1140301,General,Pickable
600,54802,1140302,General,Pickable
600,54802,1140303,General,Pickable
600,54802,1140304,General,Pickable
600,54802,1140305,General,Pickable
600,54802,1140401,General,Pickable
600,54802,1140402,General,Pickable
600,54802,1140403,General,Pickable
600,54802,1140404,General,Pickable
600,54802,1140405,General,Pickable
600,54802,1150101,General,Pickable
600,54802,1150102,General,Pickable
600,54802,1150103,General,Pickable
600,54802,1150104,General,Pickable
600,54802,1150105,General,Pickable
600,54802,1150201,General,Pickable
600,54802,1150202,General,Pickable
600,54802,1150203,General,Pickable
600,54802,1150204,General,Pickable
600,54802,1150205,General,Pickable
600,54802,1150301,General,Pickable
600,54802,1150302,General,Pickable
600,54802,1150303,General,Pickable
600,54802,1150304,General,Pickable
600,54802,1150305,General,Pickable
600,54802,1150401,General,Pickable
600,54802,1150402,General,Pickable
600,54802,1150403,General,Pickable
600,54802,1150404,General,Pickable
600,54802,1150405,General,Pickable
600,54802,1160101,General,Pickable
600,54802,1160102,General,Pickable
600,54802,1160103,General,Pickable
600,54802,1160104,General,Pickable
600,54802,1160105,General,Pickable
600,54802,1160201,General,Pickable
600,54802,1160202,General,Pickable
600,54802,1160203,General,Pickable
600,54802,1160204,General,Pickable
600,54802,1160205,General,Pickable
600,54802,1160301,General,Pickable
600,54802,1160302,General,Pickable
600,54802,1160303,General,Pickable
600,54802,1160304,General,Pickable
600,54802,1160305,General,Pickable
600,54802,1160401,General,Pickable
600,54802,1160402,General,Pickable
600,54802,1160403,General,Pickable
600,54802,1160404,General,Pickable
600,54802,1160405,General,Pickable
600,54802,1170101,General,Pickable
600,54802,1170102,General,Pickable
600,54802,1170103,General,Pickable
600,54802,1170104,General,Pickable
600,54802,1170105,General,Pickable
600,54802,1170201,General,Pickable
600,54802,1170202,General,Pickable
600,54802,1170203,General,Pickable
600,54802,1170204,General,Pickable
600,54802,1170205,General,Pickable
600,54802,1170301,General,Pickable
600,54802,1170302,General,Pickable
600,54802,1170303,General,Pickable
600,54802,1170304,General,Pickable
600,54802,1170305,General,Pickable
600,54802,1170401,General,Pickable
600,54802,1170402,General,Pickable
600,54802,1170403,General,Pickable
600,54802,1170404,General,Pickable
600,54802,1170405,General,Pickable
600,54802,1180101,General,Pickable
600,54802,1180102,General,Pickable
600,54802,1180103,General,Pickable
600,54802,1180104,General,Pickable
600,54802,1180105,General,Pickable
600,54802,1180201,General,Pickable
600,54802,1180202,General,Pickable
600,54802,1180203,General,Pickable
600,54802,1180204,General,Pickable
600,54802,1180205,General,Pickable
600,54802,1180301,General,Pickable
600,54802,1180302,General,Pickable
600,54802,1180303,General,Pickable
600,54802,1180304,General,Pickable
600,54802,1180305,General,Pickable
600,54802,1180401,General,Pickable
600,54802,1180402,General,Pickable
600,54802,1180403,General,Pickable
600,54802,1180404,General,Pickable
600,54802,1180405,General,Pickable
600,54802,1190101,General,Pickable
600,54802,1190102,General,Pickable
600,54802,1190103,General,Pickable
600,54802,1190104,General,Pickable
600,54802,1190105,General,Pickable
600,54802,1190201,General,Pickable
600,54802,1190202,General,Pickable
600,54802,1190203,General,Pickable
600,54802,1190204,General,Pickable
600,54802,1190205,General,Pickable
600,54802,1190301,General,Pickable
600,54802,1190302,General,Pickable
600,54802,1190303,General,Pickable
600,54802,1190304,General,Pickable
600,54802,1190305,General,Pickable
600,54802,1190401,General,Pickable
600,54802,1190402,General,Pickable
600,54802,1190403,General,Pickable
600,54802,1190404,General,Pickable
600,54802,1190405,General,Pickable
600,54802,1200101,General,Pickable
600,54802,1200102,General,Pickable
600,54802,1200103,General,Pickable
600,54802,1200104,General,Pickable
600,54802,1200105,General,Pickable
600,54802,1200201,General,Pickable
600,54802,1200202,General,Pickable
600,54802,1200203,General,Pickable
600,54802,1200204,General,Pickable
600,54802,1200205,General,Pickable
600,54802,1200301,General,Pickable
600,54802,1200302,General,Pickable
600,54802,1200303,General,Pickable
600,54802,1200304,General,Pickable
600,54802,1200305,General,Pickable
600,54802,1200401,General,Pickable
600,54802,1200402,General,Pickable
600,54802,1200403,General,Pickable
600,54802,1200404,General,Pickable
600,54802,1200405,General,Pickable
600,54802,1210101,General,Pickable
600,54802,1210102,General,Pickable
600,54802,1210103,General,Pickable
600,54802,1210104,General,Pickable
600,54802,1210105,General,Pickable
600,54802,1210201,General,Pickable
600,54802,1210202,General,Pickable
600,54802,1210203,General,Pickable
600,54802,1210204,General,Pickable
600,54802,1210205,General,Pickable
600,54802,1210301,General,Pickable
600,54802,1210302,General,Pickable
600,54802,1210303,General,Pickable
600,54802,1210304,General,Pickable
600,54802,1210305,General,Pickable
600,54802,1210401,General,Pickable
600,54802,1210402,General,Pickable
600,54802,1210403,General,Pickable
600,54802,1210404,General,Pickable
600,54802,1210405,General,Pickable
600,54802,1220101,General,Pickable
600,54802,1220102,General,Pickable
600,54802,1220103,General,Pickable
600,54802,1220104,General,Pickable
600,54802,1220105,General,Pickable
600,54802,1220201,General,Pickable
600,54802,1220202,General,Pickable
600,54802,1220203,General,Pickable
600,54802,1220204,General,Pickable
600,54802,1220205,General,Pickable
600,54802,1220301,General,Pickable
600,54802,1220302,General,Pickable
600,54802,1220303,General,Pickable
600,54802,1220304,General,Pickable
600,54802,1220305,General,Pickable
600,54802,1220401,General,Pickable
600,54802,1220402,General,Pickable
600,54802,1220403,General,Pickable
600,54802,1220404,General,Pickable
600,54802,1220405,General,Pickable
600,54802,1230101,General,Pickable
600,54802,1230102,General,Pickable
600,54802,1230103,General,Pickable
600,54802,1230104,General,Pickable
600,54802,1230105,General,Pickable
600,54802,1230201,General,Pickable
600,54802,1230202,General,Pickable
600,54802,1230203,General,Pickable
600,54802,1230204,General,Pickable
600,54802,1230205,General,Pickable
600,54802,1230301,General,Pickable
600,54802,1230302,General,Pickable
600,54802,1230303,General,Pickable
600,54802,1230304,General,Pickable
600,54802,1230305,General,Pickable
600,54802,1230401,General,Pickable
600,54802,1230402,General,Pickable
600,54802,1230403,General,Pickable
600,54802,1230404,General,Pickable
600,54802,1230405,General,Pickable
600,54802,1240101,General,Pickable
600,54802,1240102,General,Pickable
600,54802,1240103,General,Pickable
600,54802,1240104,General,Pickable
600,54802,1240105,General,Pickable
600,54802,1240201,General,Pickable
600,54802,1240202,General,Pickable
600,54802,1240203,General,Pickable
600,54802,1240204,General,Pickable
600,54802,1240205,General,Pickable
600,54802,1240301,General,Pickable
600,54802,1240302,General,Pickable
600,54802,1240303,General,Pickable
600,54802,1240304,General,Pickable
600,54802,1240305,General,Pickable
600,54802,1240401,General,Pickable
600,54802,1240402,General,Pickable
600,54802,1240403,General,Pickable
600,54802,1240404,General,Pickable
600,54802,1240405,General,Pickable
600,54802,1250101,General,Pickable
600,54802,1250102,General,Pickable
600,54802,1250103,General,Pickable
600,54802,1250104,General,Pickable
600,54802,1250105,General,Pickable
600,54802,1250201,General,Pickable
600,54802,1250202,General,Pickable
600,54802,1250203,General,Pickable
600,54802,1250204,General,Pickable
600,54802,1250205,General,Pickable
600,54802,1250301,General,Pickable
600,54802,1250302,General,Pickable
600,54802,1250303,General,Pickable
600,54802,1250304,General,Pickable
600,54802,1250305,General,Pickable
600,54802,1250401,General,Pickable
600,54802,1250402,General,Pickable
600,54802,1250403,General,Pickable
600,54802,1250404,General,Pickable
600,54802,1250405,General,Pickable
600,54802,1260101,General,Pickable
600,54802,1260102,General,Pickable
600,54802,1260103,General,Pickable
600,54802,1260104,General,Pickable
600,54802,1260105,General,Pickable
600,54802,1260201,General,Pickable
600,54802,1260202,General,Pickable
600,54802,1260203,General,Pickable
600,54802,1260204,General,Pickable
600,54802,1260205,General,Pickable
600,54802,1260301,General,Pickable
600,54802,1260302,General,Pickable
600,54802,1260303,General,Pickable
600,54802,1260304,General,Pickable
600,54802,1260305,General,Pickable
600,54802,1260401,General,Pickable
600,54802,1260402,General,Pickable
600,54802,1260403,General,Pickable
600,54802,1260404,General,Pickable
600,54802,1260405,General,Pickable
600,54802,1270101,General,Pickable
600,54802,1270102,General,Pickable
600,54802,1270103,General,Pickable
600,54802,1270104,General,Pickable
600,54802,1270105,General,Pickable
600,54802,1270201,General,Pickable
600,54802,1270202,General,Pickable
600,54802,1270203,General,Pickable
600,54802,1270204,General,Pickable
600,54802,1270205,General,Pickable
600,54802,1270301,General,Pickable
600,54802,1270302,General,Pickable
600,54802,1270303,General,Pickable
600,54802,1270304,General,Pickable
600,54802,1270305,General,Pickable
600,54802,1270401,General,Pickable
600,54802,1270402,General,Pickable
600,54802,1270403,General,Pickable
600,54802,1270404,General,Pickable
600,54802,1270405,General,Pickable
600,54802,1280101,General,Pickable
600,54802,1280102,General,Pickable
600,54802,1280103,General,Pickable
600,54802,1280104,General,Pickable
600,54802,1280105,General,Pickable
600,54802,1280201,General,Pickable
600,54802,1280202,General,Pickable
600,54802,1280203,General,Pickable
600,54802,1280204,General,Pickable
600,54802,1280205,General,Pickable
600,54802,1280301,General,Pickable
600,54802,1280302,General,Pickable
600,54802,1280303,General,Pickable
600,54802,1280304,General,Pickable
600,54802,1280305,General,Pickable
600,54802,1280401,General,Pickable
600,54802,1280402,General,Pickable
600,54802,1280403,General,Pickable
600,54802,1280404,General,Pickable
600,54802,1280405,General,Pickable
600,54802,1290101,General,Pickable
600,54802,1290102,General,Pickable
600,54802,1290103,General,Pickable
600,54802,1290104,General,Pickable
600,54802,1290105,General,Pickable
600,54802,1290201,General,Pickable
600,54802,1290202,General,Pickable
600,54802,1290203,General,Pickable
600,54802,1290204,General,Pickable
600,54802,1290205,General,Pickable
600,54802,1290301,General,Pickable
600,54802,1290302,General,Pickable
600,54802,1290303,General,Pickable
600,54802,1290304,General,Pickable
600,54802,1290305,General,Pickable
600,54802,1290401,General,Pickable
600,54802,1290402,General,Pickable
600,54802,1290403,General,Pickable
600,54802,1290404,General,Pickable
600,54802,1290405,General,Pickable
600,54802,1300101,General,Pickable
600,54802,1300102,General,Pickable
600,54802,1300103,General,Pickable
600,54802,1300104,General,Pickable
600,54802,1300105,General,Pickable
600,54802,1300201,General,Pickable
600,54802,1300202,General,Pickable
600,54802,1300203,General,Pickable
600,54802,1300204,General,Pickable
600,54802,1300205,General,Pickable
600,54802,1300301,General,Pickable
600,54802,1300302,General,Pickable
600,54802,1300303,General,Pickable
600,54802,1300304,General,Pickable
600,54802,1300305,General,Pickable
600,54802,1300401,General,Pickable
600,54802,1300402,General,Pickable
600,54802,1300403,General,Pickable
600,54802,1300404,General,Pickable
600,54802,1300405,General,Pickable
600,54802,1310101,General,Pickable
600,54802,1310102,General,Pickable
600,54802,1310103,General,Pickable
600,54802,1310104,General,Pickable
600,54802,1310105,General,Pickable
600,54802,1310201,General,Pickable
600,54802,1310202,General,Pickable
600,54802,1310203,General,Pickable
600,54802,1310204,General,Pickable
600,54802,1310205,General,Pickable
600,54802,1310301,General,Pickable
600,54802,1310302,General,Pickable
600,54802,1310303,General,Pickable
600,54802,1310304,General,Pickable
600,54802,1310305,General,Pickable
600,54802,1310401,General,Pickable
600,54802,1310402,General,Pickable
600,54802,1310403,General,Pickable
600,54802,1310404,General,Pickable
600,54802,1310405,General,Pickable
600,54802,1320101,General,Pickable
600,54802,1320102,General,Pickable
600,54802,1320103,General,Pickable
600,54802,1320104,General,Pickable
600,54802,1320105,General,Pickable
600,54802,1320201,General,Pickable
600,54802,1320202,General,Pickable
600,54802,1320203,General,Pickable
600,54802,1320204,General,Pickable
600,54802,1320205,General,Pickable
600,54802,1320301,General,Pickable
600,54802,1320302,General,Pickable
600,54802,1320303,General,Pickable
600,54802,1320304,General,Pickable
600,54802,1320305,General,Pickable
600,54802,1320401,General,Pickable
600,54802,1320402,General,Pickable
600,54802,1320403,General,Pickable
600,54802,1320404,General,Pickable
600,54802,1320405,General,Pickable
600,54802,1330101,General,Pickable
600,54802,1330102,General,Pickable
600,54802,1330103,General,Pickable
600,54802,1330104,General,Pickable
600,54802,1330105,General,Pickable
600,54802,1330201,General,Pickable
600,54802,1330202,General,Pickable
600,54802,1330203,General,Pickable
600,54802,1330204,General,Pickable
600,54802,1330205,General,Pickable
600,54802,1330301,General,Pickable
600,54802,1330302,General,Pickable
600,54802,1330303,General,Pickable
600,54802,1330304,General,Pickable
600,54802,1330305,General,Pickable
600,54802,1330401,General,Pickable
600,54802,1330402,General,Pickable
600,54802,1330403,General,Pickable
600,54802,1330404,General,Pickable
600,54802,1330405,General,Pickable
600,54802,1340101,General,Pickable
600,54802,1340102,General,Pickable
600,54802,1340103,General,Pickable
600,54802,1340104,General,Pickable
600,54802,1340105,General,Pickable
600,54802,1340201,General,Pickable
600,54802,1340202,General,Pickable
600,54802,1340203,General,Pickable
600,54802,1340204,General,Pickable
600,54802,1340205,General,Pickable
600,54802,1340301,General,Pickable
600,54802,1340302,General,Pickable
600,54802,1340303,General,Pickable
600,54802,1340304,General,Pickable
600,54802,1340305,General,Pickable
600,54802,1340401,General,Pickable
600,54802,1340402,General,Pickable
600,54802,1340403,General,Pickable
600,54802,1340404,General,Pickable
600,54802,1340405,General,Pickable
600,54802,1350101,General,Pickable
600,54802,1350102,General,Pickable
600,54802,1350103,General,Pickable
600,54802,1350104,General,Pickable
600,54802,1350105,General,Pickable
600,54802,1350201,General,Pickable
600,54802,1350202,General,Pickable
600,54802,1350203,General,Pickable
600,54802,1350204,General,Pickable
600,54802,1350205,General,Pickable
600,54802,1350301,General,Pickable
600,54802,1350302,General,Pickable
600,54802,1350303,General,Pickable
600,54802,1350304,General,Pickable
600,54802,1350305,General,Pickable
600,54802,1350401,General,Pickable
600,54802,1350402,General,Pickable
600,54802,1350403,General,Pickable
600,54802,1350404,General,Pickable
600,54802,1350405,General,Pickable
600,54802,1360101,General,Pickable
600,54802,1360102,General,Pickable
600,54802,1360103,General,Pickable
600,54802,1360104,General,Pickable
600,54802,1360105,General,Pickable
600,54802,1360201,General,Pickable
600,54802,1360202,General,Pickable
600,54802,1360203,General,Pickable
600,54802,1360204,General,Pickable
600,54802,1360205,General,Pickable
600,54802,1360301,General,Pickable
600,54802,1360302,General,Pickable
600,54802,1360303,General,Pickable
600,54802,1360304,General,Pickable
600,54802,1360305,General,Pickable
600,54802,1360401,General,Pickable
600,54802,1360402,General,Pickable
600,54802,1360403,General,Pickable
600,54802,1360404,General,Pickable
600,54802,1360405,General,Pickable
600,54802,2010101,General,Pickable
600,54802,2010102,General,Pickable
600,54802,2010103,General,Pickable
600,54802,2010104,General,Pickable
600,54802,2010105,General,Pickable
600,54802,2010201,General,Pickable
600,54802,2010202,General,Pickable
600,54802,2010203,General,Pickable
600,54802,2010204,General,Pickable
600,54802,2010205,General,Pickable
600,54802,2010301,General,Pickable
600,54802,2010302,General,Pickable
600,54802,2010303,General,Pickable
600,54802,2010304,General,Pickable
600,54802,2010305,General,Pickable
600,54802,2010401,General,Pickable
600,54802,2010402,General,Pickable
600,54802,2010403,General,Pickable
600,54802,2010404,General,Pickable
600,54802,2010405,General,Pickable
600,54802,2020101,General,Pickable
600,54802,2020102,General,Pickable
600,54802,2020103,General,Pickable
600,54802,2020104,General,Pickable
600,54802,2020105,General,Pickable
600,54802,2020201,General,Pickable
600,54802,2020202,General,Pickable
600,54802,2020203,General,Pickable
600,54802,2020204,General,Pickable
600,54802,2020205,General,Pickable
600,54802,2020301,General,Pickable
600,54802,2020302,General,Pickable
600,54802,2020303,General,Pickable
600,54802,2020304,General,Pickable
600,54802,2020305,General,Pickable
600,54802,2020401,General,Pickable
600,54802,2020402,General,Pickable
600,54802,2020403,General,Pickable
600,54802,2020404,General,Pickable
600,54802,2020405,General,Pickable
600,54802,2030101,General,Pickable
600,54802,2030102,General,Pickable
600,54802,2030103,General,Pickable
600,54802,2030104,General,Pickable
600,54802,2030105,General,Pickable
600,54802,2030201,General,Pickable
600,54802,2030202,General,Pickable
600,54802,2030203,General,Pickable
600,54802,2030204,General,Pickable
600,54802,2030205,General,Pickable
600,54802,2030301,General,Pickable
600,54802,2030302,General,Pickable
600,54802,2030303,General,Pickable
600,54802,2030304,General,Pickable
600,54802,2030305,General,Pickable
600,54802,2030401,General,Pickable
600,54802,2030402,General,Pickable
600,54802,2030403,General,Pickable
600,54802,2030404,General,Pickable
600,54802,2030405,General,Pickable
600,54802,2040101,General,Pickable
600,54802,2040102,General,Pickable
600,54802,2040103,General,Pickable
600,54802,2040104,General,Pickable
600,54802,2040105,General,Pickable
600,54802,2040201,General,Pickable
600,54802,2040202,General,Pickable
600,54802,2040203,General,Pickable
600,54802,2040204,General,Pickable
600,54802,2040205,General,Pickable
600,54802,2040301,General,Pickable
600,54802,2040302,General,Pickable
600,54802,2040303,General,Pickable
600,54802,2040304,General,Pickable
600,54802,2040305,General,Pickable
600,54802,2040401,General,Pickable
600,54802,2040402,General,Pickable
600,54802,2040403,General,Pickable
600,54802,2040404,General,Pickable
600,54802,2040405,General,Pickable
600,54802,2050101,General,Pickable
600,54802,2050102,General,Pickable
600,54802,2050103,General,Pickable
600,54802,2050104,General,Pickable
600,54802,2050105,General,Pickable
600,54802,2050201,General,Pickable
600,54802,2050202,General,Pickable
600,54802,2050203,General,Pickable
600,54802,2050204,General,Pickable
600,54802,2050205,General,Pickable
600,54802,2050301,General,Pickable
600,54802,2050302,General,Pickable
600,54802,2050303,General,Pickable
600,54802,2050304,General,Pickable
600,54802,2050305,General,Pickable
600,54802,2050401,General,Pickable
600,54802,2050402,General,Pickable
600,54802,2050403,General,Pickable
600,54802,2050404,General,Pickable
600,54802,2050405,General,Pickable
600,54802,2060101,General,Pickable
600,54802,2060102,General,Pickable
600,54802,2060103,General,Pickable
600,54802,2060104,General,Pickable
600,54802,2060105,General,Pickable
600,54802,2060201,General,Pickable
600,54802,2060202,General,Pickable
600,54802,2060203,General,Pickable
600,54802,2060204,General,Pickable
600,54802,2060205,General,Pickable
600,54802,2060301,General,Pickable
600,54802,2060302,General,Pickable
600,54802,2060303,General,Pickable
600,54802,2060304,General,Pickable
600,54802,2060305,General,Pickable
600,54802,2060401,General,Pickable
600,54802,2060402,General,Pickable
600,54802,2060403,General,Pickable
600,54802,2060404,General,Pickable
600,54802,2060405,General,Pickable
600,54802,2070101,General,Pickable
600,54802,2070102,General,Pickable
600,54802,2070103,General,Pickable
600,54802,2070104,General,Pickable
600,54802,2070105,General,Pickable
600,54802,2070201,General,Pickable
600,54802,2070202,General,Pickable
600,54802,2070203,General,Pickable
600,54802,2070204,General,Pickable
600,54802,2070205,General,Pickable
600,54802,2070301,General,Pickable
600,54802,2070302,General,Pickable
600,54802,2070303,General,Pickable
600,54802,2070304,General,Pickable
600,54802,2070305,General,Pickable
600,54802,2070401,General,Pickable
600,54802,2070402,General,Pickable
600,54802,2070403,General,Pickable
600,54802,2070404,General,Pickable
600,54802,2070405,General,Pickable
600,54802,2080101,General,Pickable
600,54802,2080102,General,Pickable
600,54802,2080103,General,Pickable
600,54802,2080104,General,Pickable
600,54802,2080105,General,Pickable
600,54802,2080201,General,Pickable
600,54802,2080202,General,Pickable
600,54802,2080203,General,Pickable
600,54802,2080204,General,Pickable
600,54802,2080205,General,Pickable
600,54802,2080301,General,Pickable
600,54802,2080302,General,Pickable
600,54802,2080303,General,Pickable
600,54802,2080304,General,Pickable
600,54802,2080305,General,Pickable
600,54802,2080401,General,Pickable
600,54802,2080402,General,Pickable
600,54802,2080403,General,Pickable
600,54802,2080404,General,Pickable
600,54802,2080405,General,Pickable
600,54802,2090101,General,Pickable
600,54802,2090102,General,Pickable
600,54802,2090103,General,Pickable
600,54802,2090104,General,Pickable
600,54802,2090105,General,Pickable
600,54802,2090201,General,Pickable
600,54802,2090202,General,Pickable
600,54802,2090203,General,Pickable
600,54802,2090204,General,Pickable
600,54802,2090205,General,Pickable
600,54802,2090301,General,Pickable
600,54802,2090302,General,Pickable
600,54802,2090303,General,Pickable
600,54802,2090304,General,Pickable
600,54802,2090305,General,Pickable
600,54802,2090401,General,Pickable
600,54802,2090402,General,Pickable
600,54802,2090403,General,Pickable
600,54802,2090404,General,Pickable
600,54802,2090405,General,Pickable
600,54802,2100101,General,Pickable
600,54802,2100102,General,Pickable
600,54802,2100103,General,Pickable
600,54802,2100104,General,Pickable
600,54802,2100105,General,Pickable
600,54802,2100201,General,Pickable
600,54802,2100202,General,Pickable
600,54802,2100203,General,Pickable
600,54802,2100204,General,Pickable
600,54802,2100205,General,Pickable
600,54802,2100301,General,Pickable
600,54802,2100302,General,Pickable
600,54802,2100303,General,Pickable
600,54802,2100304,General,Pickable
600,54802,2100305,General,Pickable
600,54802,2100401,General,Pickable
600,54802,2100402,General,Pickable
600,54802,2100403,General,Pickable
600,54802,2100404,General,Pickable
600,54802,2100405,General,Pickable
600,54802,2110101,General,Pickable
600,54802,2110102,General,Pickable
600,54802,2110103,General,Pickable
600,54802,2110104,General,Pickable
600,54802,2110105,General,Pickable
600,54802,2110201,General,Pickable
600,54802,2110202,General,Pickable
600,54802,2110203,General,Pickable
600,54802,2110204,General,Pickable
600,54802,2110205,General,Pickable
600,54802,2110301,General,Pickable
600,54802,2110302,General,Pickable
600,54802,2110303,General,Pickable
600,54802,2110304,General,Pickable
600,54802,2110305,General,Pickable
600,54802,2110401,General,Pickable
600,54802,2110402,General,Pickable
600,54802,2110403,General,Pickable
600,54802,2110404,General,Pickable
600,54802,2110405,General,Pickable
600,54802,2120101,General,Pickable
600,54802,2120102,General,Pickable
600,54802,2120103,General,Pickable
600,54802,2120104,General,Pickable
600,54802,2120105,General,Pickable
600,54802,2120201,General,Pickable
600,54802,2120202,General,Pickable
600,54802,2120203,General,Pickable
600,54802,2120204,General,Pickable
600,54802,2120205,General,Pickable
600,54802,2120301,General,Pickable
600,54802,2120302,General,Pickable
600,54802,2120303,General,Pickable
600,54802,2120304,General,Pickable
600,54802,2120305,General,Pickable
600,54802,2120401,General,Pickable
600,54802,2120402,General,Pickable
600,54802,2120403,General,Pickable
600,54802,2120404,General,Pickable
600,54802,2120405,General,Pickable
600,54802,2130101,General,Pickable
600,54802,2130102,General,Pickable
600,54802,2130103,General,Pickable
600,54802,2130104,General,Pickable
600,54802,2130105,General,Pickable
600,54802,2130201,General,Pickable
600,54802,2130202,General,Pickable
600,54802,2130203,General,Pickable
600,54802,2130204,General,Pickable
600,54802,2130205,General,Pickable
600,54802,2130301,General,Pickable
600,54802,2130302,General,Pickable
600,54802,2130303,General,Pickable
600,54802,2130304,General,Pickable
600,54802,2130305,General,Pickable
600,54802,2130401,General,Pickable
600,54802,2130402,General,Pickable
600,54802,2130403,General,Pickable
600,54802,2130404,General,Pickable
600,54802,2130405,General,Pickable
600,54802,2140101,General,Pickable
600,54802,2140102,General,Pickable
600,54802,2140103,General,Pickable
600,54802,2140104,General,Pickable
600,54802,2140105,General,Pickable
600,54802,2140201,General,Pickable
600,54802,2140202,General,Pickable
600,54802,2140203,General,Pickable
600,54802,2140204,General,Pickable
600,54802,2140205,General,Pickable
600,54802,2140301,General,Pickable
600,54802,2140302,General,Pickable
600,54802,2140303,General,Pickable
600,54802,2140304,General,Pickable
600,54802,2140305,General,Pickable
600,54802,2140401,General,Pickable
600,54802,2140402,General,Pickable
600,54802,2140403,General,Pickable
600,54802,2140404,General,Pickable
600,54802,2140405,General,Pickable
600,54802,2150101,General,Pickable
600,54802,2150102,General,Pickable
600,54802,2150103,General,Pickable
600,54802,2150104,General,Pickable
600,54802,2150105,General,Pickable
600,54802,2150201,General,Pickable
600,54802,2150202,General,Pickable
600,54802,2150203,General,Pickable
600,54802,2150204,General,Pickable
600,54802,2150205,General,Pickable
600,54802,2150301,General,Pickable
600,54802,2150302,General,Pickable
600,54802,2150303,General,Pickable
600,54802,2150304,General,Pickable
600,54802,2150305,General,Pickable
600,54802,2150401,General,Pickable
600,54802,2150402,General,Pickable
600,54802,2150403,General,Pickable
600,54802,2150404,General,Pickable
600,54802,2150405,General,Pickable
600,54802,2160101,General,Pickable
600,54802,2160102,General,Pickable
600,54802,2160103,General,Pickable
600,54802,2160104,General,Pickable
600,54802,2160105,General,Pickable
600,54802,2160201,General,Pickable
600,54802,2160202,General,Pickable
600,54802,2160203,General,Pickable
600,54802,2160204,General,Pickable
600,54802,2160205,General,Pickable
600,54802,2160301,General,Pickable
600,54802,2160302,General,Pickable
600,54802,2160303,General,Pickable
600,54802,2160304,General,Pickable
600,54802,2160305,General,Pickable
600,54802,2160401,General,Pickable
600,54802,2160402,General,Pickable
600,54802,2160403,General,Pickable
600,54802,2160404,General,Pickable
600,54802,2160405,General,Pickable
600,54802,2170101,General,Pickable
600,54802,2170102,General,Pickable
600,54802,2170103,General,Pickable
600,54802,2170104,General,Pickable
600,54802,2170105,General,Pickable
600,54802,2170201,General,Pickable
600,54802,2170202,General,Pickable
600,54802,2170203,General,Pickable
600,54802,2170204,General,Pickable
600,54802,2170205,General,Pickable
600,54802,2170301,General,Pickable
600,54802,2170302,General,Pickable
600,54802,2170303,General,Pickable
600,54802,2170304,General,Pickable
600,54802,2170305,General,Pickable
600,54802,2170401,General,Pickable
600,54802,2170402,General,Pickable
600,54802,2170403,General,Pickable
600,54802,2170404,General,Pickable
600,54802,2170405,General,Pickable
600,54802,2180101,General,Pickable
600,54802,2180102,General,Pickable
600,54802,2180103,General,Pickable
600,54802,2180104,General,Pickable
600,54802,2180105,General,Pickable
600,54802,2180201,General,Pickable
600,54802,2180202,General,Pickable
600,54802,2180203,General,Pickable
600,54802,2180204,General,Pickable
600,54802,2180205,General,Pickable
600,54802,2180301,General,Pickable
600,54802,2180302,General,Pickable
600,54802,2180303,General,Pickable
600,54802,2180304,General,Pickable
600,54802,2180305,General,Pickable
600,54802,2180401,General,Pickable
600,54802,2180402,General,Pickable
600,54802,2180403,General,Pickable
600,54802,2180404,General,Pickable
600,54802,2180405,General,Pickable
600,54802,2190101,General,Pickable
600,54802,2190102,General,Pickable
600,54802,2190103,General,Pickable
600,54802,2190104,General,Pickable
600,54802,2190105,General,Pickable
600,54802,2190201,General,Pickable
600,54802,2190202,General,Pickable
600,54802,2190203,General,Pickable
600,54802,2190204,General,Pickable
600,54802,2190205,General,Pickable
600,54802,2190301,General,Pickable
600,54802,2190302,General,Pickable
600,54802,2190303,General,Pickable
600,54802,2190304,General,Pickable
600,54802,2190305,General,Pickable
600,54802,2190401,General,Pickable
600,54802,2190402,General,Pickable
600,54802,2190403,General,Pickable
600,54802,2190404,General,Pickable
600,54802,2190405,General,Pickable
600,54802,2200101,General,Pickable
600,54802,2200102,General,Pickable
600,54802,2200103,General,Pickable
600,54802,2200104,General,Pickable
600,54802,2200105,General,Pickable
600,54802,2200201,General,Pickable
600,54802,2200202,General,Pickable
600,54802,2200203,General,Pickable
600,54802,2200204,General,Pickable
600,54802,2200205,General,Pickable
600,54802,2200301,General,Pickable
600,54802,2200302,General,Pickable
600,54802,2200303,General,Pickable
600,54802,2200304,General,Pickable
600,54802,2200305,General,Pickable
600,54802,2200401,General,Pickable
600,54802,2200402,General,Pickable
600,54802,2200403,General,Pickable
600,54802,2200404,General,Pickable
600,54802,2200405,General,Pickable
600,54802,2210101,General,Pickable
600,54802,2210102,General,Pickable
600,54802,2210103,General,Pickable
600,54802,2210104,General,Pickable
600,54802,2210105,General,Pickable
600,54802,2210201,General,Pickable
600,54802,2210202,General,Pickable
600,54802,2210203,General,Pickable
600,54802,2210204,General,Pickable
600,54802,2210205,General,Pickable
600,54802,2210301,General,Pickable
600,54802,2210302,General,Pickable
600,54802,2210303,General,Pickable
600,54802,2210304,General,Pickable
600,54802,2210305,General,Pickable
600,54802,2210401,General,Pickable
600,54802,2210402,General,Pickable
600,54802,2210403,General,Pickable
600,54802,2210404,General,Pickable
600,54802,2210405,General,Pickable
600,54802,2220101,General,Pickable
600,54802,2220102,General,Pickable
600,54802,2220103,General,Pickable
600,54802,2220104,General,Pickable
600,54802,2220105,General,Pickable
600,54802,2220201,General,Pickable
600,54802,2220202,General,Pickable
600,54802,2220203,General,Pickable
600,54802,2220204,General,Pickable
600,54802,2220205,General,Pickable
600,54802,2220301,General,Pickable
600,54802,2220302,General,Pickable
600,54802,2220303,General,Pickable
600,54802,2220304,General,Pickable
600,54802,2220305,General,Pickable
600,54802,2220401,General,Pickable
600,54802,2220402,General,Pickable
600,54802,2220403,General,Pickable
600,54802,2220404,General,Pickable
600,54802,2220405,General,Pickable
600,54802,2230101,General,Pickable
600,54802,2230102,General,Pickable
600,54802,2230103,General,Pickable
600,54802,2230104,General,Pickable
600,54802,2230105,General,Pickable
600,54802,2230201,General,Pickable
600,54802,2230202,General,Pickable
600,54802,2230203,General,Pickable
600,54802,2230204,General,Pickable
600,54802,2230205,General,Pickable
600,54802,2230301,General,Pickable
600,54802,2230302,General,Pickable
600,54802,2230303,General,Pickable
600,54802,2230304,General,Pickable
600,54802,2230305,General,Pickable
600,54802,2230401,General,Pickable
600,54802,2230402,General,Pickable
600,54802,2230403,General,Pickable
600,54802,2230404,General,Pickable
600,54802,2230405,General,Pickable
600,54802,2240101,General,Pickable
600,54802,2240102,General,Pickable
600,54802,2240103,General,Pickable
600,54802,2240104,General,Pickable
600,54802,2240105,General,Pickable
600,54802,2240201,General,Pickable
600,54802,2240202,General,Pickable
600,54802,2240203,General,Pickable
600,54802,2240204,General,Pickable
600,54802,2240205,General,Pickable
600,54802,2240301,General,Pickable
600,54802,2240302,General,Pickable
600,54802,2240303,General,Pickable
600,54802,2240304,General,Pickable
600,54802,2240305,General,Pickable
600,54802,2240401,General,Pickable
600,54802,2240402,General,Pickable
600,54802,2240403,General,Pickable
600,54802,2240404,General,Pickable
600,54802,2240405,General,Pickable
600,54802,2250101,General,Pickable
600,54802,2250102,General,Pickable
600,54802,2250103,General,Pickable
600,54802,2250104,General,Pickable
600,54802,2250105,General,Pickable
600,54802,2250201,General,Pickable
600,54802,2250202,General,Pickable
600,54802,2250203,General,Pickable
600,54802,2250204,General,Pickable
600,54802,2250205,General,Pickable
600,54802,2250301,General,Pickable
600,54802,2250302,General,Pickable
600,54802,2250303,General,Pickable
600,54802,2250304,General,Pickable
600,54802,2250305,General,Pickable
600,54802,2250401,General,Pickable
600,54802,2250402,General,Pickable
600,54802,2250403,General,Pickable
600,54802,2250404,General,Pickable
600,54802,2250405,General,Pickable
600,54802,2260101,General,Pickable
600,54802,2260102,General,Pickable
600,54802,2260103,General,Pickable
600,54802,2260104,General,Pickable
600,54802,2260105,General,Pickable
600,54802,2260201,General,Pickable
600,54802,2260202,General,Pickable
600,54802,2260203,General,Pickable
600,54802,2260204,General,Pickable
600,54802,2260205,General,Pickable
600,54802,2260301,General,Pickable
600,54802,2260302,General,Pickable
600,54802,2260303,General,Pickable
600,54802,2260304,General,Pickable
600,54802,2260305,General,Pickable
600,54802,2260401,General,Pickable
600,54802,2260402,General,Pickable
600,54802,2260403,General,Pickable
600,54802,2260404,General,Pickable
600,54802,2260405,General,Pickable
600,54802,2270101,General,Pickable
600,54802,2270102,General,Pickable
600,54802,2270103,General,Pickable
600,54802,2270104,General,Pickable
600,54802,2270105,General,Pickable
600,54802,2270201,General,Pickable
600,54802,2270202,General,Pickable
600,54802,2270203,General,Pickable
600,54802,2270204,General,Pickable
600,54802,2270205,General,Pickable
600,54802,2270301,General,Pickable
600,54802,2270302,General,Pickable
600,54802,2270303,General,Pickable
600,54802,2270304,General,Pickable
600,54802,2270305,General,Pickable
600,54802,2270401,General,Pickable
600,54802,2270402,General,Pickable
600,54802,2270403,General,Pickable
600,54802,2270404,General,Pickable
600,54802,2270405,General,Pickable
600,54802,2280101,General,Pickable
600,54802,2280102,General,Pickable
600,54802,2280103,General,Pickable
600,54802,2280104,General,Pickable
600,54802,2280105,General,Pickable
600,54802,2280201,General,Pickable
600,54802,2280202,General,Pickable
600,54802,2280203,General,Pickable
600,54802,2280204,General,Pickable
600,54802,2280205,General,Pickable
600,54802,2280301,General,Pickable
600,54802,2280302,General,Pickable
600,54802,2280303,General,Pickable
600,54802,2280304,General,Pickable
600,54802,2280305,General,Pickable
600,54802,2280401,General,Pickable
600,54802,2280402,General,Pickable
600,54802,2280403,General,Pickable
600,54802,2280404,General,Pickable
600,54802,2280405,General,Pickable
600,54802,2290101,General,Pickable
600,54802,2290102,General,Pickable
600,54802,2290103,General,Pickable
600,54802,2290104,General,Pickable
600,54802,2290105,General,Pickable
600,54802,2290201,General,Pickable
600,54802,2290202,General,Pickable
600,54802,2290203,General,Pickable
600,54802,2290204,General,Pickable
600,54802,2290205,General,Pickable
600,54802,2290301,General,Pickable
600,54802,2290302,General,Pickable
600,54802,2290303,General,Pickable
600,54802,2290304,General,Pickable
600,54802,2290305,General,Pickable
600,54802,2290401,General,Pickable
600,54802,2290402,General,Pickable
600,54802,2290403,General,Pickable
600,54802,2290404,General,Pickable
600,54802,2290405,General,Pickable
600,54802,2300101,General,Pickable
600,54802,2300102,General,Pickable
600,54802,2300103,General,Pickable
600,54802,2300104,General,Pickable
600,54802,2300105,General,Pickable
600,54802,2300201,General,Pickable
600,54802,2300202,General,Pickable
600,54802,2300203,General,Pickable
600,54802,2300204,General,Pickable
600,54802,2300205,General,Pickable
600,54802,2300301,General,Pickable
600,54802,2300302,General,Pickable
600,54802,2300303,General,Pickable
600,54802,2300304,General,Pickable
600,54802,2300305,General,Pickable
600,54802,2300401,General,Pickable
600,54802,2300402,General,Pickable
600,54802,2300403,General,Pickable
600,54802,2300404,General,Pickable
600,54802,2300405,General,Pickable
600,54802,2310101,General,Pickable
600,54802,2310102,General,Pickable
600,54802,2310103,General,Pickable
600,54802,2310104,General,Pickable
600,54802,2310105,General,Pickable
600,54802,2310201,General,Pickable
600,54802,2310202,General,Pickable
600,54802,2310203,General,Pickable
600,54802,2310204,General,Pickable
600,54802,2310205,General,Pickable
600,54802,2310301,General,Pickable
600,54802,2310302,General,Pickable
600,54802,2310303,General,Pickable
600,54802,2310304,General,Pickable
600,54802,2310305,General,Pickable
600,54802,2310401,General,Pickable
600,54802,2310402,General,Pickable
600,54802,2310403,General,Pickable
600,54802,2310404,General,Pickable
600,54802,2310405,General,Pickable
600,54802,2320101,General,Pickable
600,54802,2320102,General,Pickable
600,54802,2320103,General,Pickable
600,54802,2320104,General,Pickable
600,54802,2320105,General,Pickable
600,54802,2320201,General,Pickable
600,54802,2320202,General,Pickable
600,54802,2320203,General,Pickable
600,54802,2320204,General,Pickable
600,54802,2320205,General,Pickable
600,54802,2320301,General,Pickable
600,54802,2320302,General,Pickable
600,54802,2320303,General,Pickable
600,54802,2320304,General,Pickable
600,54802,2320305,General,Pickable
600,54802,2320401,General,Pickable
600,54802,2320402,General,Pickable
600,54802,2320403,General,Pickable
600,54802,2320404,General,Pickable
600,54802,2320405,General,Pickable
600,54802,2330101,General,Pickable
600,54802,2330102,General,Pickable
600,54802,2330103,General,Pickable
600,54802,2330104,General,Pickable
600,54802,2330105,General,Pickable
600,54802,2330201,General,Pickable
600,54802,2330202,General,Pickable
600,54802,2330203,General,Pickable
600,54802,2330204,General,Pickable
600,54802,2330205,General,Pickable
600,54802,2330301,General,Pickable
600,54802,2330302,General,Pickable
600,54802,2330303,General,Pickable
600,54802,2330304,General,Pickable
600,54802,2330305,General,Pickable
600,54802,2330401,General,Pickable
600,54802,2330402,General,Pickable
600,54802,2330403,General,Pickable
600,54802,2330404,General,Pickable
600,54802,2330405,General,Pickable
600,54802,2340101,General,Pickable
600,54802,2340102,General,Pickable
600,54802,2340103,General,Pickable
600,54802,2340104,General,Pickable
600,54802,2340105,General,Pickable
600,54802,2340201,General,Pickable
600,54802,2340202,General,Pickable
600,54802,2340203,General,Pickable
600,54802,2340204,General,Pickable
600,54802,2340205,General,Pickable
600,54802,2340301,General,Pickable
600,54802,2340302,General,Pickable
600,54802,2340303,General,Pickable
600,54802,2340304,General,Pickable
600,54802,2340305,General,Pickable
600,54802,2340401,General,Pickable
600,54802,2340402,General,Pickable
600,54802,2340403,General,Pickable
600,54802,2340404,General,Pickable
600,54802,2340405,General,Pickable
600,54802,2350101,General,Pickable
600,54802,2350102,General,Pickable
600,54802,2350103,General,Pickable
600,54802,2350104,General,Pickable
600,54802,2350105,General,Pickable
600,54802,2350201,General,Pickable
600,54802,2350202,General,Pickable
600,54802,2350203,General,Pickable
600,54802,2350204,General,Pickable
600,54802,2350205,General,Pickable
600,54802,2350301,General,Pickable
600,54802,2350302,General,Pickable
600,54802,2350303,General,Pickable
600,54802,2350304,General,Pickable
600,54802,2350305,General,Pickable
600,54802,2350401,General,Pickable
600,54802,2350402,General,Pickable
600,54802,2350403,General,Pickable
600,54802,2350404,General,Pickable
600,54802,2350405,General,Pickable
600,54802,2360101,General,Pickable
600,54802,2360102,General,Pickable
600,54802,2360103,General,Pickable
600,54802,2360104,General,Pickable
600,54802,2360105,General,Pickable
600,54802,2360201,General,Pickable
600,54802,2360202,General,Pickable
600,54802,2360203,General,Pickable
600,54802,2360204,General,Pickable
600,54802,2360205,General,Pickable
600,54802,2360301,General,Pickable
600,54802,2360302,General,Pickable
600,54802,2360303,General,Pickable
600,54802,2360304,General,Pickable
600,54802,2360305,General,Pickable
600,54802,2360401,General,Pickable
600,54802,2360402,General,Pickable
600,54802,2360403,General,Pickable
600,54802,2360404,General,Pickable
600,54802,2360405,General,Pickable
600,54802,3010101,General,Pickable
600,54802,3010102,General,Pickable
600,54802,3010103,General,Pickable
600,54802,3010104,General,Pickable
600,54802,3010105,General,Pickable
600,54802,3010201,General,Pickable
600,54802,3010202,General,Pickable
600,54802,3010203,General,Pickable
600,54802,3010204,General,Pickable
600,54802,3010205,General,Pickable
600,54802,3010301,General,Pickable
600,54802,3010302,General,Pickable
600,54802,3010303,General,Pickable
600,54802,3010304,General,Pickable
600,54802,3010305,General,Pickable
600,54802,3010401,General,Pickable
600,54802,3010402,General,Pickable
600,54802,3010403,General,Pickable
600,54802,3010404,General,Pickable
600,54802,3010405,General,Pickable
600,54802,3020101,General,Pickable
600,54802,3020102,General,Pickable
600,54802,3020103,General,Pickable
600,54802,3020104,General,Pickable
600,54802,3020105,General,Pickable
600,54802,3020201,General,Pickable
600,54802,3020202,General,Pickable
600,54802,3020203,General,Pickable
600,54802,3020204,General,Pickable
600,54802,3020205,General,Pickable
600,54802,3020301,General,Pickable
600,54802,3020302,General,Pickable
600,54802,3020303,General,Pickable
600,54802,3020304,General,Pickable
600,54802,3020305,General,Pickable
600,54802,3020401,General,Pickable
600,54802,3020402,General,Pickable
600,54802,3020403,General,Pickable
600,54802,3020404,General,Pickable
600,54802,3020405,General,Pickable
600,54802,3030101,General,Pickable
600,54802,3030102,General,Pickable
600,54802,3030103,General,Pickable
600,54802,3030104,General,Pickable
600,54802,3030105,General,Pickable
600,54802,3030201,General,Pickable
600,54802,3030202,General,Pickable
600,54802,3030203,General,Pickable
600,54802,3030204,General,Pickable
600,54802,3030205,General,Pickable
600,54802,3030301,General,Pickable
600,54802,3030302,General,Pickable
600,54802,3030303,General,Pickable
600,54802,3030304,General,Pickable
600,54802,3030305,General,Pickable
600,54802,3030401,General,Pickable
600,54802,3030402,General,Pickable
600,54802,3030403,General,Pickable
600,54802,3030404,General,Pickable
600,54802,3030405,General,Pickable
600,54802,3040101,General,Pickable
600,54802,3040102,General,Pickable
600,54802,3040103,General,Pickable
600,54802,3040104,General,Pickable
600,54802,3040105,General,Pickable
600,54802,3040201,General,Pickable
600,54802,3040202,General,Pickable
600,54802,3040203,General,Pickable
600,54802,3040204,General,Pickable
600,54802,3040205,General,Pickable
600,54802,3040301,General,Pickable
600,54802,3040302,General,Pickable
600,54802,3040303,General,Pickable
600,54802,3040304,General,Pickable
600,54802,3040305,General,Pickable
600,54802,3040401,General,Pickable
600,54802,3040402,General,Pickable
600,54802,3040403,General,Pickable
600,54802,3040404,General,Pickable
600,54802,3040405,General,Pickable
600,54802,3050101,General,Pickable
600,54802,3050102,General,Pickable
600,54802,3050103,General,Pickable
600,54802,3050104,General,Pickable
600,54802,3050105,General,Pickable
600,54802,3050201,General,Pickable
600,54802,3050202,General,Pickable
600,54802,3050203,General,Pickable
600,54802,3050204,General,Pickable
600,54802,3050205,General,Pickable
600,54802,3050301,General,Pickable
600,54802,3050302,General,Pickable
600,54802,3050303,General,Pickable
600,54802,3050304,General,Pickable
600,54802,3050305,General,Pickable
600,54802,3050401,General,Pickable
600,54802,3050402,General,Pickable
600,54802,3050403,General,Pickable
600,54802,3050404,General,Pickable
600,54802,3050405,General,Pickable
600,54802,3060101,General,Pickable
600,54802,3060102,General,Pickable
600,54802,3060103,General,Pickable
600,54802,3060104,General,Pickable
600,54802,3060105,General,Pickable
600,54802,3060201,General,Pickable
600,54802,3060202,General,Pickable
600,54802,3060203,General,Pickable
600,54802,3060204,General,Pickable
600,54802,3060205,General,Pickable
600,54802,3060301,General,Pickable
600,54802,3060302,General,Pickable
600,54802,3060303,General,Pickable
600,54802,3060304,General,Pickable
600,54802,3060305,General,Pickable
600,54802,3060401,General,Pickable
600,54802,3060402,General,Pickable
600,54802,3060403,General,Pickable
600,54802,3060404,General,Pickable
600,54802,3060405,General,Pickable
600,54802,3070101,General,Pickable
600,54802,3070102,General,Pickable
600,54802,3070103,General,Pickable
600,54802,3070104,General,Pickable
600,54802,3070105,General,Pickable
600,54802,3070201,General,Pickable
600,54802,3070202,General,Pickable
600,54802,3070203,General,Pickable
600,54802,3070204,General,Pickable
600,54802,3070205,General,Pickable
600,54802,3070301,General,Pickable
600,54802,3070302,General,Pickable
600,54802,3070303,General,Pickable
600,54802,3070304,General,Pickable
600,54802,3070305,General,Pickable
600,54802,3070401,General,Pickable
600,54802,3070402,General,Pickable
600,54802,3070403,General,Pickable
600,54802,3070404,General,Pickable
600,54802,3070405,General,Pickable
600,54802,3080101,General,Pickable
600,54802,3080102,General,Pickable
600,54802,3080103,General,Pickable
600,54802,3080104,General,Pickable
600,54802,3080105,General,Pickable
600,54802,3080201,General,Pickable
600,54802,3080202,General,Pickable
600,54802,3080203,General,Pickable
600,54802,3080204,General,Pickable
600,54802,3080205,General,Pickable
600,54802,3080301,General,Pickable
600,54802,3080302,General,Pickable
600,54802,3080303,General,Pickable
600,54802,3080304,General,Pickable
600,54802,3080305,General,Pickable
600,54802,3080401,General,Pickable
600,54802,3080402,General,Pickable
600,54802,3080403,General,Pickable
600,54802,3080404,General,Pickable
600,54802,3080405,General,Pickable
600,54802,3090101,General,Pickable
600,54802,3090102,General,Pickable
600,54802,3090103,General,Pickable
600,54802,3090104,General,Pickable
600,54802,3090105,General,Pickable
600,54802,3090201,General,Pickable
600,54802,3090202,General,Pickable
600,54802,3090203,General,Pickable
600,54802,3090204,General,Pickable
600,54802,3090205,General,Pickable
600,54802,3090301,General,Pickable
600,54802,3090302,General,Pickable
600,54802,3090303,General,Pickable
600,54802,3090304,General,Pickable
600,54802,3090305,General,Pickable
600,54802,3090401,General,Pickable
600,54802,3090402,General,Pickable
600,54802,3090403,General,Pickable
600,54802,3090404,General,Pickable
600,54802,3090405,General,Pickable
600,54802,3100101,General,Pickable
600,54802,3100102,General,Pickable
600,54802,3100103,General,Pickable
600,54802,3100104,General,Pickable
600,54802,3100105,General,Pickable
600,54802,3100201,General,Pickable
600,54802,3100202,General,Pickable
600,54802,3100203,General,Pickable
600,54802,3100204,General,Pickable
600,54802,3100205,General,Pickable
600,54802,3100301,General,Pickable
600,54802,3100302,General,Pickable
600,54802,3100303,General,Pickable
600,54802,3100304,General,Pickable
600,54802,3100305,General,Pickable
600,54802,3100401,General,Pickable
600,54802,3100402,General,Pickable
600,54802,3100403,General,Pickable
600,54802,3100404,General,Pickable
600,54802,3100405,General,Pickable
600,54802,3110101,General,Pickable
600,54802,3110102,General,Pickable
600,54802,3110103,General,Pickable
600,54802,3110104,General,Pickable
600,54802,3110105,General,Pickable
600,54802,3110201,General,Pickable
600,54802,3110202,General,Pickable
600,54802,3110203,General,Pickable
600,54802,3110204,General,Pickable
600,54802,3110205,General,Pickable
600,54802,3110301,General,Pickable
600,54802,3110302,General,Pickable
600,54802,3110303,General,Pickable
600,54802,3110304,General,Pickable
600,54802,3110305,General,Pickable
600,54802,3110401,General,Pickable
600,54802,3110402,General,Pickable
600,54802,3110403,General,Pickable
600,54802,3110404,General,Pickable
600,54802,3110405,General,Pickable
600,54802,3120101,General,Pickable
600,54802,3120102,General,Pickable
600,54802,3120103,General,Pickable
600,54802,3120104,General,Pickable
600,54802,3120105,General,Pickable
600,54802,3120201,General,Pickable
600,54802,3120202,General,Pickable
600,54802,3120203,General,Pickable
600,54802,3120204,General,Pickable
600,54802,3120205,General,Pickable
600,54802,3120301,General,Pickable
600,54802,3120302,General,Pickable
600,54802,3120303,General,Pickable
600,54802,3120304,General,Pickable
600,54802,3120305,General,Pickable
600,54802,3120401,General,Pickable
600,54802,3120402,General,Pickable
600,54802,3120403,General,Pickable
600,54802,3120404,General,Pickable
600,54802,3120405,General,Pickable
600,54802,3130101,General,Pickable
600,54802,3130102,General,Pickable
600,54802,3130103,General,Pickable
600,54802,3130104,General,Pickable
600,54802,3130105,General,Pickable
600,54802,3130201,General,Pickable
600,54802,3130202,General,Pickable
600,54802,3130203,General,Pickable
600,54802,3130204,General,Pickable
600,54802,3130205,General,Pickable
600,54802,3130301,General,Pickable
600,54802,3130302,General,Pickable
600,54802,3130303,General,Pickable
600,54802,3130304,General,Pickable
600,54802,3130305,General,Pickable
600,54802,3130401,General,Pickable
600,54802,3130402,General,Pickable
600,54802,3130403,General,Pickable
600,54802,3130404,General,Pickable
600,54802,3130405,General,Pickable
600,54802,3140101,General,Pickable
600,54802,3140102,General,Pickable
600,54802,3140103,General,Pickable
600,54802,3140104,General,Pickable
600,54802,3140105,General,Pickable
600,54802,3140201,General,Pickable
600,54802,3140202,General,Pickable
600,54802,3140203,General,Pickable
600,54802,3140204,General,Pickable
600,54802,3140205,General,Pickable
600,54802,3140301,General,Pickable
600,54802,3140302,General,Pickable
600,54802,3140303,General,Pickable
600,54802,3140304,General,Pickable
600,54802,3140305,General,Pickable
600,54802,3140401,General,Pickable
600,54802,3140402,General,Pickable
600,54802,3140403,General,Pickable
600,54802,3140404,General,Pickable
600,54802,3140405,General,Pickable
600,54802,3150101,General,Pickable
600,54802,3150102,General,Pickable
600,54802,3150103,General,Pickable
600,54802,3150104,General,Pickable
600,54802,3150105,General,Pickable
600,54802,3150201,General,Pickable
600,54802,3150202,General,Pickable
600,54802,3150203,General,Pickable
600,54802,3150204,General,Pickable
600,54802,3150205,General,Pickable
600,54802,3150301,General,Pickable
600,54802,3150302,General,Pickable
600,54802,3150303,General,Pickable
600,54802,3150304,General,Pickable
600,54802,3150305,General,Pickable
600,54802,3150401,General,Pickable
600,54802,3150402,General,Pickable
600,54802,3150403,General,Pickable
600,54802,3150404,General,Pickable
600,54802,3150405,General,Pickable
600,54802,3160101,General,Pickable
600,54802,3160102,General,Pickable
600,54802,3160103,General,Pickable
600,54802,3160104,General,Pickable
600,54802,3160105,General,Pickable
600,54802,3160201,General,Pickable
600,54802,3160202,General,Pickable
600,54802,3160203,General,Pickable
600,54802,3160204,General,Pickable
600,54802,3160205,General,Pickable
600,54802,3160301,General,Pickable
600,54802,3160302,General,Pickable
600,54802,3160303,General,Pickable
600,54802,3160304,General,Pickable
600,54802,3160305,General,Pickable
600,54802,3160401,General,Pickable
600,54802,3160402,General,Pickable
600,54802,3160403,General,Pickable
600,54802,3160404,General,Pickable
600,54802,3160405,General,Pickable
600,54802,3170101,General,Pickable
600,54802,3170102,General,Pickable
600,54802,3170103,General,Pickable
600,54802,3170104,General,Pickable
600,54802,3170105,General,Pickable
600,54802,3170201,General,Pickable
600,54802,3170202,General,Pickable
600,54802,3170203,General,Pickable
600,54802,3170204,General,Pickable
600,54802,3170205,General,Pickable
600,54802,3170301,General,Pickable
600,54802,3170302,General,Pickable
600,54802,3170303,General,Pickable
600,54802,3170304,General,Pickable
600,54802,3170305,General,Pickable
600,54802,3170401,General,Pickable
600,54802,3170402,General,Pickable
600,54802,3170403,General,Pickable
600,54802,3170404,General,Pickable
600,54802,3170405,General,Pickable
600,54802,3180101,General,Pickable
600,54802,3180102,General,Pickable
600,54802,3180103,General,Pickable
600,54802,3180104,General,Pickable
600,54802,3180105,General,Pickable
600,54802,3180201,General,Pickable
600,54802,3180202,General,Pickable
600,54802,3180203,General,Pickable
600,54802,3180204,General,Pickable
600,54802,3180205,General,Pickable
600,54802,3180301,General,Pickable
600,54802,3180302,General,Pickable
600,54802,3180303,General,Pickable
600,54802,3180304,General,Pickable
600,54802,3180305,General,Pickable
600,54802,3180401,General,Pickable
600,54802,3180402,General,Pickable
600,54802,3180403,General,Pickable
600,54802,3180404,General,Pickable
600,54802,3180405,General,Pickable
600,54802,3190101,General,Pickable
600,54802,3190102,General,Pickable
600,54802,3190103,General,Pickable
600,54802,3190104,General,Pickable
600,54802,3190105,General,Pickable
600,54802,3190201,General,Pickable
600,54802,3190202,General,Pickable
600,54802,3190203,General,Pickable
600,54802,3190204,General,Pickable
600,54802,3190205,General,Pickable
600,54802,3190301,General,Pickable
600,54802,3190302,General,Pickable
600,54802,3190303,General,Pickable
600,54802,3190304,General,Pickable
600,54802,3190305,General,Pickable
600,54802,3190401,General,Pickable
600,54802,3190402,General,Pickable
600,54802,3190403,General,Pickable
600,54802,3190404,General,Pickable
600,54802,3190405,General,Pickable
600,54802,3200101,General,Pickable
600,54802,3200102,General,Pickable
600,54802,3200103,General,Pickable
600,54802,3200104,General,Pickable
600,54802,3200105,General,Pickable
600,54802,3200201,General,Pickable
600,54802,3200202,General,Pickable
600,54802,3200203,General,Pickable
600,54802,3200204,General,Pickable
600,54802,3200205,General,Pickable
600,54802,3200301,General,Pickable
600,54802,3200302,General,Pickable
600,54802,3200303,General,Pickable
600,54802,3200304,General,Pickable
600,54802,3200305,General,Pickable
600,54802,3200401,General,Pickable
600,54802,3200402,General,Pickable
600,54802,3200403,General,Pickable
600,54802,3200404,General,Pickable
600,54802,3200405,General,Pickable
600,54802,3210101,General,Pickable
600,54802,3210102,General,Pickable
600,54802,3210103,General,Pickable
600,54802,3210104,General,Pickable
600,54802,3210105,General,Pickable
600,54802,3210201,General,Pickable
600,54802,3210202,General,Pickable
600,54802,3210203,General,Pickable
600,54802,3210204,General,Pickable
600,54802,3210205,General,Pickable
600,54802,3210301,General,Pickable
600,54802,3210302,General,Pickable
600,54802,3210303,General,Pickable
600,54802,3210304,General,Pickable
600,54802,3210305,General,Pickable
600,54802,3210401,General,Pickable
600,54802,3210402,General,Pickable
600,54802,3210403,General,Pickable
600,54802,3210404,General,Pickable
600,54802,3210405,General,Pickable
600,54802,3220101,General,Pickable
600,54802,3220102,General,Pickable
600,54802,3220103,General,Pickable
600,54802,3220104,General,Pickable
600,54802,3220105,General,Pickable
600,54802,3220201,General,Pickable
600,54802,3220202,General,Pickable
600,54802,3220203,General,Pickable
600,54802,3220204,General,Pickable
600,54802,3220205,General,Pickable
600,54802,3220301,General,Pickable
600,54802,3220302,General,Pickable
600,54802,3220303,General,Pickable
600,54802,3220304,General,Pickable
600,54802,3220305,General,Pickable
600,54802,3220401,General,Pickable
600,54802,3220402,General,Pickable
600,54802,3220403,General,Pickable
600,54802,3220404,General,Pickable
600,54802,3220405,General,Pickable
600,54802,3230101,General,Pickable
600,54802,3230102,General,Pickable
600,54802,3230103,General,Pickable
600,54802,3230104,General,Pickable
600,54802,3230105,General,Pickable
600,54802,3230201,General,Pickable
600,54802,3230202,General,Pickable
600,54802,3230203,General,Pickable
600,54802,3230204,General,Pickable
600,54802,3230205,General,Pickable
600,54802,3230301,General,Pickable
600,54802,3230302,General,Pickable
600,54802,3230303,General,Pickable
600,54802,3230304,General,Pickable
600,54802,3230305,General,Pickable
600,54802,3230401,General,Pickable
600,54802,3230402,General,Pickable
600,54802,3230403,General,Pickable
600,54802,3230404,General,Pickable
600,54802,3230405,General,Pickable
600,54802,3240101,General,Pickable
600,54802,3240102,General,Pickable
600,54802,3240103,General,Pickable
600,54802,3240104,General,Pickable
600,54802,3240105,General,Pickable
600,54802,3240201,General,Pickable
600,54802,3240202,General,Pickable
600,54802,3240203,General,Pickable
600,54802,3240204,General,Pickable
600,54802,3240205,General,Pickable
600,54802,3240301,General,Pickable
600,54802,3240302,General,Pickable
600,54802,3240303,General,Pickable
600,54802,3240304,General,Pickable
600,54802,3240305,General,Pickable
600,54802,3240401,General,Pickable
600,54802,3240402,General,Pickable
600,54802,3240403,General,Pickable
600,54802,3240404,General,Pickable
600,54802,3240405,General,Pickable
600,54802,3250101,General,Pickable
600,54802,3250102,General,Pickable
600,54802,3250103,General,Pickable
600,54802,3250104,General,Pickable
600,54802,3250105,General,Pickable
600,54802,3250201,General,Pickable
600,54802,3250202,General,Pickable
600,54802,3250203,General,Pickable
600,54802,3250204,General,Pickable
600,54802,3250205,General,Pickable
600,54802,3250301,General,Pickable
600,54802,3250302,General,Pickable
600,54802,3250303,General,Pickable
600,54802,3250304,General,Pickable
600,54802,3250305,General,Pickable
600,54802,3250401,General,Pickable
600,54802,3250402,General,Pickable
600,54802,3250403,General,Pickable
600,54802,3250404,General,Pickable
600,54802,3250405,General,Pickable
600,54802,3260101,General,Pickable
600,54802,3260102,General,Pickable
600,54802,3260103,General,Pickable
600,54802,3260104,General,Pickable
600,54802,3260105,General,Pickable
600,54802,3260201,General,Pickable
600,54802,3260202,General,Pickable
600,54802,3260203,General,Pickable
600,54802,3260204,General,Pickable
600,54802,3260205,General,Pickable
600,54802,3260301,General,Pickable
600,54802,3260302,General,Pickable
600,54802,3260303,General,Pickable
600,54802,3260304,General,Pickable
600,54802,3260305,General,Pickable
600,54802,3260401,General,Pickable
600,54802,3260402,General,Pickable
600,54802,3260403,General,Pickable
600,54802,3260404,General,Pickable
600,54802,3260405,General,Pickable
600,54802,3270101,General,Pickable
600,54802,3270102,General,Pickable
600,54802,3270103,General,Pickable
600,54802,3270104,General,Pickable
600,54802,3270105,General,Pickable
600,54802,3270201,General,Pickable
600,54802,3270202,General,Pickable
600,54802,3270203,General,Pickable
600,54802,3270204,General,Pickable
600,54802,3270205,General,Pickable
600,54802,3270301,General,Pickable
600,54802,3270302,General,Pickable
600,54802,3270303,General,Pickable
600,54802,3270304,General,Pickable
600,54802,3270305,General,Pickable
600,54802,3270401,General,Pickable
600,54802,3270402,General,Pickable
600,54802,3270403,General,Pickable
600,54802,3270404,General,Pickable
600,54802,3270405,General,Pickable
600,54802,3280101,General,Pickable
600,54802,3280102,General,Pickable
600,54802,3280103,General,Pickable
600,54802,3280104,General,Pickable
600,54802,3280105,General,Pickable
600,54802,3280201,General,Pickable
600,54802,3280202,General,Pickable
600,54802,3280203,General,Pickable
600,54802,3280204,General,Pickable
600,54802,3280205,General,Pickable
600,54802,3280301,General,Pickable
600,54802,3280302,General,Pickable
600,54802,3280303,General,Pickable
600,54802,3280304,General,Pickable
600,54802,3280305,General,Pickable
600,54802,3280401,General,Pickable
600,54802,3280402,General,Pickable
600,54802,3280403,General,Pickable
